[
  {
    "id": "5b6eb27314c4ed27570b601e",
    "isActive": true,
    "price": "$2,752.35",
    "picture": "http://placehold.it/250x250",
    "title": "Enid Vazquez",
    "category": "apple",
    "description": "dolor eiusmod sint duis culpa non aute enim enim Lorem eu nisi non aliquip exercitation reprehenderit laboris ipsum qui enim nisi elit ullamco qui aliqua veniam adipisicing dolor labore excepteur enim aliqua veniam ipsum id enim do ex nisi proident",
    "tags": [
      "minim",
      "laboris",
      "ipsum",
      "non",
      "dolore",
      "ipsum",
      "duis"
    ]
  },
  {
    "id": "5b6eb2739987fd49127bf36d",
    "isActive": true,
    "price": "$3,068.48",
    "picture": "http://placehold.it/250x250",
    "title": "Pittman Kinney",
    "category": "apple",
    "description": "sunt ex sit occaecat occaecat nostrud cupidatat sint nulla aliqua tempor occaecat elit eiusmod aute sit elit ut veniam excepteur commodo culpa sunt ex nostrud anim sint exercitation consectetur ipsum ipsum occaecat in incididunt sunt labore pariatur ullamco veniam dolore",
    "tags": [
      "esse",
      "Lorem",
      "ex",
      "id",
      "enim",
      "sunt",
      "pariatur"
    ]
  },
  {
    "id": "5b6eb27331c9c88fc2826bef",
    "isActive": true,
    "price": "$1,094.19",
    "picture": "http://placehold.it/250x250",
    "title": "Dillon Wooten",
    "category": "apple",
    "description": "cillum esse commodo irure aute aliquip do cupidatat ex velit excepteur amet nostrud ullamco deserunt ut veniam ullamco non occaecat sit irure officia laboris voluptate do nostrud id id tempor ad esse anim consectetur minim magna laboris mollit irure anim",
    "tags": [
      "proident",
      "ex",
      "veniam",
      "laborum",
      "enim",
      "nulla",
      "veniam"
    ]
  },
  {
    "id": "5b6eb2739e23746b706ddb5f",
    "isActive": false,
    "price": "$3,072.74",
    "picture": "http://placehold.it/250x250",
    "title": "Sonia Townsend",
    "category": "apple",
    "description": "anim veniam est laborum do quis veniam culpa proident velit veniam duis excepteur sit duis mollit reprehenderit dolore anim consectetur sit sunt sunt nostrud minim commodo irure incididunt sunt excepteur Lorem minim ex est ullamco labore Lorem velit ipsum sint",
    "tags": [
      "dolor",
      "magna",
      "tempor",
      "qui",
      "duis",
      "esse",
      "occaecat"
    ]
  },
  {
    "id": "5b6eb273e1a157783dabbd66",
    "isActive": false,
    "price": "$2,736.14",
    "picture": "http://placehold.it/250x250",
    "title": "Madelyn Guy",
    "category": "apple",
    "description": "et reprehenderit elit eu laborum magna Lorem incididunt eiusmod enim minim aute et et ullamco velit ad voluptate adipisicing consectetur reprehenderit dolor cillum nisi laborum enim laborum Lorem id cupidatat qui dolor elit esse aute et fugiat cillum dolore nulla",
    "tags": [
      "sint",
      "officia",
      "pariatur",
      "in",
      "aliquip",
      "deserunt",
      "mollit"
    ]
  },
  {
    "id": "5b6eb273e89718c2342e3d29",
    "isActive": true,
    "price": "$3,955.06",
    "picture": "http://placehold.it/250x250",
    "title": "Lillie Riggs",
    "category": "apple",
    "description": "minim excepteur exercitation in amet ullamco nostrud duis ipsum nulla quis incididunt consequat id qui duis aliqua consequat enim nulla Lorem enim sunt minim consectetur dolore laboris dolore duis excepteur pariatur id incididunt veniam reprehenderit nisi et occaecat occaecat et",
    "tags": [
      "aliquip",
      "qui",
      "reprehenderit",
      "id",
      "occaecat",
      "enim",
      "exercitation"
    ]
  },
  {
    "id": "5b6eb2730b28a03b60896613",
    "isActive": true,
    "price": "$2,851.83",
    "picture": "http://placehold.it/250x250",
    "title": "Burch Franklin",
    "category": "apple",
    "description": "exercitation sit quis sunt adipisicing ad do consequat sunt sit do in in qui minim proident ullamco et commodo fugiat veniam sit ex ut esse eu fugiat officia incididunt incididunt dolor ex deserunt cillum amet enim excepteur elit laboris qui",
    "tags": [
      "est",
      "deserunt",
      "pariatur",
      "sint",
      "exercitation",
      "magna",
      "ea"
    ]
  },
  {
    "id": "5b6eb273b784ca822d7e371f",
    "isActive": true,
    "price": "$3,876.52",
    "picture": "http://placehold.it/250x250",
    "title": "Rose Herrera",
    "category": "apple",
    "description": "exercitation nostrud pariatur reprehenderit Lorem reprehenderit amet irure id sint irure occaecat nostrud ipsum dolor sunt consectetur ullamco exercitation voluptate do adipisicing officia pariatur aute exercitation eu est elit occaecat nostrud eiusmod ad nostrud anim eu cillum et ipsum consectetur",
    "tags": [
      "incididunt",
      "deserunt",
      "ex",
      "aliqua",
      "id",
      "labore",
      "sint"
    ]
  },
  {
    "id": "5b6eb273bda71882bf27dca0",
    "isActive": false,
    "price": "$3,557.67",
    "picture": "http://placehold.it/250x250",
    "title": "Nieves Trevino",
    "category": "apple",
    "description": "cillum consequat fugiat anim id ex quis dolore adipisicing sit Lorem cupidatat eiusmod est veniam proident mollit adipisicing incididunt ullamco nostrud enim veniam irure mollit id sunt tempor ea veniam ad et ipsum ex id do mollit voluptate reprehenderit consequat",
    "tags": [
      "deserunt",
      "proident",
      "incididunt",
      "ad",
      "pariatur",
      "proident",
      "voluptate"
    ]
  },
  {
    "id": "5b6eb273cfd2edc192d0f405",
    "isActive": false,
    "price": "$1,612.55",
    "picture": "http://placehold.it/250x250",
    "title": "Krista Hubbard",
    "category": "apple",
    "description": "aute dolor qui ea sint ut nisi dolore est et reprehenderit officia veniam esse minim in sunt eiusmod proident enim minim non proident nostrud ex laborum esse velit eu reprehenderit magna sunt excepteur adipisicing tempor eu minim proident culpa commodo",
    "tags": [
      "anim",
      "minim",
      "incididunt",
      "sit",
      "culpa",
      "reprehenderit",
      "aute"
    ]
  },
  {
    "id": "5b6eb2730db1de7097965c45",
    "isActive": true,
    "price": "$1,526.06",
    "picture": "http://placehold.it/250x250",
    "title": "Latasha Whitney",
    "category": "apple",
    "description": "veniam est sunt ullamco ullamco nostrud tempor ullamco do qui labore cillum ut exercitation veniam et minim ad cillum culpa deserunt do eu in culpa fugiat ex nostrud eiusmod sit veniam tempor fugiat aliquip aliquip minim incididunt in anim ex",
    "tags": [
      "enim",
      "reprehenderit",
      "laborum",
      "consequat",
      "ipsum",
      "deserunt",
      "velit"
    ]
  },
  {
    "id": "5b6eb27386495ce4945cd284",
    "isActive": true,
    "price": "$3,915.36",
    "picture": "http://placehold.it/250x250",
    "title": "Marcie Carroll",
    "category": "apple",
    "description": "occaecat velit anim laboris sint minim nisi cupidatat adipisicing enim culpa commodo amet ex qui id commodo et tempor magna elit elit ex pariatur ea fugiat consectetur anim sit elit proident ea anim officia ipsum eu aute est in qui",
    "tags": [
      "pariatur",
      "minim",
      "occaecat",
      "irure",
      "velit",
      "sint",
      "reprehenderit"
    ]
  },
  {
    "id": "5b6eb27317f0988db88247c7",
    "isActive": false,
    "price": "$2,933.53",
    "picture": "http://placehold.it/250x250",
    "title": "Giles Romero",
    "category": "apple",
    "description": "mollit mollit exercitation anim officia consequat qui laboris anim reprehenderit amet tempor ad voluptate aute aute Lorem fugiat aliquip et non ullamco ut cillum tempor nulla tempor fugiat veniam velit culpa officia dolore labore excepteur occaecat amet id esse quis",
    "tags": [
      "et",
      "pariatur",
      "ea",
      "dolore",
      "ex",
      "incididunt",
      "aute"
    ]
  },
  {
    "id": "5b6eb273a3288f1098d70f00",
    "isActive": true,
    "price": "$2,489.69",
    "picture": "http://placehold.it/250x250",
    "title": "Glass Williamson",
    "category": "apple",
    "description": "qui cupidatat laborum officia nostrud velit sunt in voluptate enim aliquip voluptate incididunt elit exercitation tempor quis officia consectetur id elit proident ad duis amet enim minim nulla nulla cillum sit eu fugiat eu ea esse pariatur labore aliquip exercitation",
    "tags": [
      "non",
      "eu",
      "quis",
      "labore",
      "ullamco",
      "deserunt",
      "do"
    ]
  },
  {
    "id": "5b6eb273af23e2ab4e60b4ed",
    "isActive": false,
    "price": "$1,950.78",
    "picture": "http://placehold.it/250x250",
    "title": "House Ochoa",
    "category": "apple",
    "description": "sit enim esse amet ea laborum aliquip non non proident amet irure amet proident aute non sit occaecat amet aliqua ad culpa incididunt ullamco sunt irure nisi do aliquip exercitation incididunt laboris do aute pariatur deserunt ullamco commodo excepteur enim",
    "tags": [
      "elit",
      "officia",
      "labore",
      "culpa",
      "deserunt",
      "proident",
      "irure"
    ]
  },
  {
    "id": "5b6eb27358e03dcf63f7c9a1",
    "isActive": false,
    "price": "$1,726.93",
    "picture": "http://placehold.it/250x250",
    "title": "Schmidt Mason",
    "category": "apple",
    "description": "sit incididunt culpa veniam ex laborum voluptate aute ad pariatur ea pariatur nisi duis id elit in duis sint aliquip magna magna reprehenderit aute anim occaecat ipsum adipisicing magna commodo consequat non deserunt ad in velit laborum deserunt aliqua sit",
    "tags": [
      "aute",
      "laboris",
      "fugiat",
      "irure",
      "culpa",
      "veniam",
      "nulla"
    ]
  },
  {
    "id": "5b6eb2737cd23b99cfe66a74",
    "isActive": true,
    "price": "$1,751.80",
    "picture": "http://placehold.it/250x250",
    "title": "Melody Cleveland",
    "category": "apple",
    "description": "occaecat eiusmod aliquip nulla cupidatat anim est ea exercitation et non laboris dolore commodo id deserunt amet officia consectetur commodo sint fugiat aute dolor non commodo fugiat duis sint commodo consectetur minim ex magna ex mollit esse anim nisi labore",
    "tags": [
      "irure",
      "dolor",
      "eiusmod",
      "aute",
      "incididunt",
      "adipisicing",
      "culpa"
    ]
  },
  {
    "id": "5b6eb273e2989270b9efe2a2",
    "isActive": false,
    "price": "$3,634.55",
    "picture": "http://placehold.it/250x250",
    "title": "Phillips Charles",
    "category": "apple",
    "description": "fugiat amet dolor nulla reprehenderit incididunt id Lorem dolor dolor enim amet magna reprehenderit reprehenderit consectetur tempor incididunt anim fugiat ullamco tempor adipisicing officia voluptate enim duis incididunt sint irure ipsum nisi ipsum voluptate duis tempor non aliqua laborum magna",
    "tags": [
      "consequat",
      "non",
      "veniam",
      "deserunt",
      "sunt",
      "tempor",
      "laboris"
    ]
  },
  {
    "id": "5b6eb273b80e854db146c531",
    "isActive": false,
    "price": "$2,213.30",
    "picture": "http://placehold.it/250x250",
    "title": "Irwin Mack",
    "category": "apple",
    "description": "dolore do ullamco reprehenderit mollit aliqua duis eu non elit laborum in anim laborum anim anim nisi magna fugiat esse veniam laborum labore aliqua non ut aliquip anim et officia magna duis pariatur veniam elit non nulla duis tempor do",
    "tags": [
      "consequat",
      "dolore",
      "nulla",
      "veniam",
      "consectetur",
      "magna",
      "ea"
    ]
  },
  {
    "id": "5b6eb2730398e1d02ffd0197",
    "isActive": true,
    "price": "$2,387.21",
    "picture": "http://placehold.it/250x250",
    "title": "Leanne Finch",
    "category": "apple",
    "description": "ea exercitation minim qui dolore cupidatat laboris labore sint consequat amet cillum pariatur velit enim non ex magna est nostrud sit minim esse incididunt excepteur cillum sit culpa reprehenderit ad laboris esse fugiat quis id commodo proident consectetur duis enim",
    "tags": [
      "cillum",
      "ullamco",
      "pariatur",
      "adipisicing",
      "et",
      "ad",
      "nostrud"
    ]
  },
  {
    "id": "5b6eb273a73a61e5348055c7",
    "isActive": true,
    "price": "$1,892.92",
    "picture": "http://placehold.it/250x250",
    "title": "Hickman Cabrera",
    "category": "apple",
    "description": "minim sunt minim deserunt ipsum id aute sit reprehenderit mollit non adipisicing ipsum aliqua voluptate ipsum esse duis dolor fugiat deserunt nulla pariatur est do cupidatat dolor tempor id commodo velit ut ipsum qui sunt ea nulla tempor sit sit",
    "tags": [
      "et",
      "esse",
      "eiusmod",
      "nisi",
      "veniam",
      "eiusmod",
      "veniam"
    ]
  },
  {
    "id": "5b6eb273703f76f88150d9db",
    "isActive": true,
    "price": "$3,290.28",
    "picture": "http://placehold.it/250x250",
    "title": "Hernandez Day",
    "category": "apple",
    "description": "ex fugiat sit aliqua mollit sit do officia exercitation minim occaecat velit commodo occaecat magna ut ex aute ex occaecat dolore dolor occaecat commodo minim tempor ut sit irure enim reprehenderit aliquip ipsum aute excepteur reprehenderit elit occaecat deserunt laborum",
    "tags": [
      "duis",
      "dolor",
      "quis",
      "nulla",
      "mollit",
      "dolor",
      "mollit"
    ]
  },
  {
    "id": "5b6eb273c5808cccfb895a82",
    "isActive": true,
    "price": "$1,812.36",
    "picture": "http://placehold.it/250x250",
    "title": "Emerson Ortiz",
    "category": "apple",
    "description": "sunt nisi esse veniam non non quis mollit cillum dolor cillum dolore in sit ad ea qui culpa ad ad ipsum minim do laboris quis enim quis id do occaecat ullamco nulla id ullamco anim adipisicing fugiat duis veniam aute",
    "tags": [
      "dolor",
      "laborum",
      "id",
      "enim",
      "sunt",
      "anim",
      "commodo"
    ]
  },
  {
    "id": "5b6eb27351adae26f4095078",
    "isActive": false,
    "price": "$3,229.69",
    "picture": "http://placehold.it/250x250",
    "title": "Lucinda Kidd",
    "category": "apple",
    "description": "labore velit ex nostrud voluptate do commodo ea magna id ex duis Lorem excepteur dolore duis et dolor tempor Lorem esse consequat sit cillum minim ea ad reprehenderit magna ipsum eiusmod ut deserunt id minim cupidatat cillum id eu nisi",
    "tags": [
      "eu",
      "eu",
      "do",
      "nulla",
      "sit",
      "nisi",
      "dolor"
    ]
  },
  {
    "id": "5b6eb273327ed67569867b26",
    "isActive": false,
    "price": "$1,834.36",
    "picture": "http://placehold.it/250x250",
    "title": "Minnie Stewart",
    "category": "apple",
    "description": "esse dolor occaecat ullamco ipsum non velit excepteur magna commodo commodo veniam mollit nisi mollit non labore tempor enim laboris consequat sunt cillum quis ad culpa consequat aute deserunt quis dolor velit cillum proident tempor ea sunt et deserunt sit",
    "tags": [
      "consectetur",
      "voluptate",
      "quis",
      "laboris",
      "magna",
      "deserunt",
      "deserunt"
    ]
  },
  {
    "id": "5b6eb273fb7825c9d396ca94",
    "isActive": false,
    "price": "$1,441.18",
    "picture": "http://placehold.it/250x250",
    "title": "Cummings Waters",
    "category": "apple",
    "description": "velit laborum minim minim amet adipisicing dolore cupidatat amet esse veniam nulla dolor ullamco sint mollit pariatur nostrud duis anim ex mollit eu tempor non duis ut sit tempor do do nostrud ipsum enim excepteur ullamco ad aliquip cillum nostrud",
    "tags": [
      "esse",
      "quis",
      "aute",
      "mollit",
      "excepteur",
      "sit",
      "excepteur"
    ]
  },
  {
    "id": "5b6eb273aa5f311b7bf9cbf2",
    "isActive": true,
    "price": "$3,361.06",
    "picture": "http://placehold.it/250x250",
    "title": "June Rodgers",
    "category": "apple",
    "description": "aute ut voluptate tempor consectetur deserunt ea duis mollit esse eu qui magna commodo irure pariatur aliquip eu deserunt dolore Lorem nulla irure cupidatat ex commodo anim excepteur consectetur elit ullamco pariatur aute labore labore consequat amet reprehenderit ea incididunt",
    "tags": [
      "ex",
      "cupidatat",
      "minim",
      "deserunt",
      "esse",
      "voluptate",
      "aliqua"
    ]
  },
  {
    "id": "5b6eb2738618c5fda2682b5e",
    "isActive": true,
    "price": "$1,522.09",
    "picture": "http://placehold.it/250x250",
    "title": "Opal Snider",
    "category": "apple",
    "description": "adipisicing culpa qui nostrud aliqua eiusmod minim exercitation culpa elit elit eu pariatur sint nostrud sint reprehenderit Lorem cupidatat cupidatat reprehenderit fugiat laboris veniam quis consectetur exercitation proident elit aliqua ea irure sunt tempor ad pariatur mollit do sint est",
    "tags": [
      "consectetur",
      "consequat",
      "ullamco",
      "et",
      "dolor",
      "anim",
      "voluptate"
    ]
  },
  {
    "id": "5b6eb2738431f59f7792b50a",
    "isActive": true,
    "price": "$3,784.77",
    "picture": "http://placehold.it/250x250",
    "title": "Keri Whitley",
    "category": "apple",
    "description": "ullamco consequat anim consectetur veniam adipisicing incididunt exercitation veniam ad laborum aute adipisicing id incididunt veniam labore consequat deserunt duis minim in mollit magna non adipisicing mollit deserunt ea minim commodo excepteur culpa pariatur exercitation laboris ea esse duis excepteur",
    "tags": [
      "exercitation",
      "dolore",
      "duis",
      "id",
      "laboris",
      "laborum",
      "qui"
    ]
  },
  {
    "id": "5b6eb273b7137b0b6358c8cb",
    "isActive": false,
    "price": "$3,134.03",
    "picture": "http://placehold.it/250x250",
    "title": "William Bradford",
    "category": "apple",
    "description": "enim do veniam aliqua dolor occaecat mollit fugiat et incididunt esse irure Lorem proident occaecat est anim nulla reprehenderit mollit consequat excepteur consectetur minim incididunt Lorem aliquip enim labore anim do fugiat id consectetur do irure aliqua magna anim et",
    "tags": [
      "dolor",
      "et",
      "mollit",
      "minim",
      "ullamco",
      "velit",
      "eu"
    ]
  }
]